model,n_samples,mean_probability,std_probability,min_probability,max_probability,positive_rate_at_0_5,accuracy_at_0_5,balanced_accuracy_at_0_5,precision_at_0_5,recall_at_0_5,f1_at_0_5,roc_auc,log_loss,brier_score,true_negative,false_positive,false_negative,true_positive,best_accuracy_threshold,best_accuracy,best_f1_threshold,best_f1
CT65_MLP25_LGB9,8693,0.5019808011377772,0.35016086131492336,0.0010595987632924333,0.9992689822547521,0.5173127803980214,0.8130679857356494,0.8129589536220023,0.8060929508561263,0.8280036546368205,0.8169014084507042,0.9034731489534473,0.38408216595713046,0.12416965407372976,3443,872,753,3625,0.48000000000000004,0.8157137927067756,0.38,0.8261099925823885
