,CatBoost_v2,MLP_sklearn,LightGBM_base,CT65_MLP25_LGB9
CatBoost_v2,1.0,0.9444854844523555,0.979358071880636,0.9959618596290783
MLP_sklearn,0.9444854844523555,1.0,0.9344290337116815,0.9695574678841032
LightGBM_base,0.979358071880636,0.9344290337116815,1.0,0.9815654674462637
CT65_MLP25_LGB9,0.9959618596290783,0.9695574678841032,0.9815654674462637,1.0
